age,workclass,fnlwgt,education,education.num,marital.status,occupation,relationship,race,sex,capital.gain,capital.loss,hours.per.week,native.country,income
58,Local-gov,32855,HS-grad,9,Married-civ-spouse,Transport-moving,Husband,White,Male,0,0,48,United-States,0
46,Private,315423,Some-college,10,Married-civ-spouse,Sales,Husband,White,Male,0,2042,50,United-States,0
50,Private,287927,HS-grad,9,Married-civ-spouse,Prof-specialty,Wife,White,Female,0,0,16,United-States,0
59,Private,96840,HS-grad,9,Divorced,Other-service,Unmarried,White,Female,0,0,40,United-States,0
34,Private,35595,Assoc-voc,11,Married-civ-spouse,Tech-support,Husband,White,Male,0,0,40,United-States,0
26,State-gov,175044,Some-college,10,Never-married,Protective-serv,Own-child,White,Male,0,0,40,United-States,0
28,Private,278736,5th-6th,3,Married-civ-spouse,Machine-op-inspct,Husband,White,Male,0,0,40,Mexico,0
41,Private,200671,Bachelors,13,Divorced,Transport-moving,Own-child,Black,Male,6497,0,40,United-States,0
24,Private,283872,Some-college,10,Never-married,Adm-clerical,Not-in-family,Black,Male,0,0,20,United-States,0
22,Private,60783,10th,6,Never-married,Craft-repair,Own-child,White,Male,0,0,15,United-States,0
24,Private,403671,Some-college,10,Never-married,Machine-op-inspct,Not-in-family,White,Male,0,0,40,United-States,0
40,Local-gov,196234,HS-grad,9,Divorced,Craft-repair,Own-child,White,Female,0,0,40,Puerto-Rico,0
39,Private,77146,Bachelors,13,Married-civ-spouse,Exec-managerial,Husband,White,Male,0,1887,50,United-States,1
45,Federal-gov,98524,Assoc-acdm,12,Married-civ-spouse,Adm-clerical,Husband,White,Male,0,0,40,United-States,1
18,Private,298860,12th,8,Never-married,Handlers-cleaners,Own-child,White,Male,0,0,20,United-States,0
54,Private,189607,Bachelors,13,Never-married,Other-service,Own-child,Black,Female,0,0,36,United-States,0
18,Private,270502,11th,7,Never-married,Exec-managerial,Own-child,White,Female,0,0,20,United-States,0
41,State-gov,116520,Doctorate,16,Married-civ-spouse,Prof-specialty,Husband,White,Male,0,0,40,United-States,1
33,Private,355996,10th,6,Never-married,Handlers-cleaners,Not-in-family,White,Male,0,0,40,United-States,0
46,Federal-gov,330901,Some-college,10,Married-civ-spouse,Exec-managerial,Husband,Black,Male,0,0,40,United-States,0
50,Private,144361,HS-grad,9,Married-civ-spouse,Machine-op-inspct,Husband,White,Male,0,0,50,United-States,1
53,Self-emp-not-inc,46704,Masters,14,Married-civ-spouse,Prof-specialty,Husband,White,Male,0,0,50,United-States,1
22,Private,138768,HS-grad,9,Never-married,Adm-clerical,Own-child,White,Male,0,0,40,United-States,0
56,Self-emp-not-inc,210731,7th-8th,4,Divorced,Sales,Other-relative,White,Male,0,0,20,Mexico,0
45,Private,185385,HS-grad,9,Married-civ-spouse,Machine-op-inspct,Husband,White,Male,0,0,40,United-States,0
24,Private,117779,Bachelors,13,Never-married,Prof-specialty,Not-in-family,White,Male,0,0,10,Hungary,0
33,Private,111746,Assoc-acdm,12,Married-civ-spouse,Craft-repair,Husband,White,Male,0,0,45,Portugal,0
27,Private,37250,Some-college,10,Married-civ-spouse,Machine-op-inspct,Husband,White,Male,0,1651,40,United-States,0
21,Private,108687,Some-college,10,Never-married,Sales,Own-child,White,Female,0,0,40,United-States,0
27,Private,333990,Assoc-voc,11,Never-married,Exec-managerial,Own-child,White,Female,0,0,40,United-States,0
34,Private,158040,Bachelors,13,Never-married,Exec-managerial,Not-in-family,White,Female,0,0,45,United-States,0
36,Private,135289,HS-grad,9,Married-civ-spouse,Machine-op-inspct,Husband,White,Male,0,0,45,United-States,0
27,Private,247711,HS-grad,9,Married-civ-spouse,Adm-clerical,Wife,White,Female,0,0,40,United-States,0
31,Self-emp-not-inc,175856,HS-grad,9,Married-civ-spouse,Craft-repair,Husband,White,Male,0,0,60,United-States,0
37,Private,632613,10th,6,Married-civ-spouse,Farming-fishing,Husband,White,Male,0,0,35,Mexico,0
62,Private,138253,Masters,14,Never-married,Handlers-cleaners,Not-in-family,White,Male,4650,0,40,United-States,0
59,Private,127728,Some-college,10,Married-civ-spouse,Tech-support,Husband,White,Male,0,0,40,United-States,1
30,Private,340917,Bachelors,13,Married-civ-spouse,Craft-repair,Husband,White,Male,0,0,40,United-States,0
30,Private,113364,HS-grad,9,Never-married,Machine-op-inspct,Other-relative,White,Male,0,0,40,Vietnam,0
17,Local-gov,32124,9th,5,Never-married,Other-service,Own-child,Black,Male,0,0,9,United-States,0
34,Private,98656,Some-college,10,Never-married,Prof-specialty,Not-in-family,White,Female,0,0,40,United-States,0
60,Self-emp-inc,160062,HS-grad,9,Married-civ-spouse,Farming-fishing,Husband,White,Male,0,0,25,United-States,0
31,Local-gov,206297,HS-grad,9,Married-civ-spouse,Protective-serv,Husband,White,Male,0,0,40,United-States,1
53,Private,117814,Some-college,10,Divorced,Adm-clerical,Unmarried,White,Female,0,0,38,United-States,0
24,Private,145964,Bachelors,13,Never-married,Exec-managerial,Unmarried,White,Male,0,0,40,United-States,1
90,Private,51744,Masters,14,Never-married,Exec-managerial,Not-in-family,Black,Male,0,0,50,United-States,1
24,Private,172496,Bachelors,13,Never-married,Tech-support,Not-in-family,White,Male,0,0,55,United-States,0
34,Private,316470,Some-college,10,Never-married,Adm-clerical,Not-in-family,White,Male,0,0,40,United-States,0
52,Private,98752,9th,5,Widowed,Adm-clerical,Unmarried,White,Female,0,0,40,United-States,0
52,Local-gov,35092,Doctorate,16,Married-civ-spouse,Exec-managerial,Husband,White,Male,0,0,40,United-States,1
63,Private,181929,HS-grad,9,Widowed,Exec-managerial,Unmarried,White,Male,0,0,50,United-States,1
58,Private,140363,HS-grad,9,Divorced,Machine-op-inspct,Not-in-family,White,Male,3325,0,30,United-States,0
29,Private,370509,Bachelors,13,Married-civ-spouse,Exec-managerial,Husband,White,Male,0,0,50,France,1
19,Private,272063,HS-grad,9,Never-married,Handlers-cleaners,Own-child,White,Male,0,0,35,United-States,0
44,Private,215304,Bachelors,13,Married-civ-spouse,Prof-specialty,Husband,White,Male,0,0,45,United-States,1
44,State-gov,296326,Bachelors,13,Never-married,Adm-clerical,Not-in-family,White,Male,0,0,40,United-States,0
20,Private,161092,Some-college,10,Never-married,Adm-clerical,Own-child,White,Male,0,0,14,United-States,0
74,Private,129879,HS-grad,9,Widowed,Adm-clerical,Not-in-family,White,Female,15831,0,40,United-States,1
29,Private,83517,9th,5,Never-married,Machine-op-inspct,Not-in-family,White,Male,0,0,40,United-States,0
30,Private,261677,9th,5,Never-married,Handlers-cleaners,Unmarried,Black,Male,0,0,40,United-States,0
43,Private,972354,Some-college,10,Married-civ-spouse,Other-service,Husband,White,Male,0,0,48,United-States,0
52,Private,338816,Some-college,10,Married-civ-spouse,Exec-managerial,Husband,White,Male,15024,0,45,United-States,1
38,Private,338320,Bachelors,13,Married-civ-spouse,Prof-specialty,Husband,White,Male,0,0,40,Canada,0
39,Private,49308,Bachelors,13,Divorced,Prof-specialty,Not-in-family,White,Male,0,0,40,United-States,0
29,Private,110134,Some-college,10,Divorced,Machine-op-inspct,Not-in-family,White,Male,0,0,40,United-States,0
37,Private,38948,HS-grad,9,Married-civ-spouse,Transport-moving,Husband,White,Male,0,0,50,United-States,0
60,Private,184183,HS-grad,9,Divorced,Machine-op-inspct,Not-in-family,White,Male,4650,0,40,United-States,0
23,State-gov,61743,5th-6th,3,Never-married,Transport-moving,Not-in-family,White,Male,0,0,35,United-States,0
55,Private,176012,9th,5,Married-civ-spouse,Tech-support,Wife,White,Female,0,0,23,United-States,0
31,Private,113364,Assoc-acdm,12,Married-civ-spouse,Machine-op-inspct,Husband,White,Male,0,0,20,United-States,0
41,Private,264663,Some-college,10,Separated,Prof-specialty,Own-child,White,Female,0,3900,40,United-States,0
29,Private,247151,11th,7,Divorced,Machine-op-inspct,Unmarried,White,Female,0,0,40,United-States,0
35,Private,176123,10th,6,Married-civ-spouse,Other-service,Husband,Asian-Pac-Islander,Male,0,0,60,India,0
27,Private,191782,HS-grad,9,Never-married,Other-service,Other-relative,Black,Female,0,0,30,United-States,0
48,Private,336540,HS-grad,9,Married-civ-spouse,Sales,Husband,White,Male,0,0,40,United-States,0
19,Private,72355,Some-college,10,Never-married,Other-service,Not-in-family,White,Male,0,0,20,United-States,0
38,Federal-gov,201617,HS-grad,9,Never-married,Adm-clerical,Unmarried,White,Female,0,0,40,United-States,0
28,Private,388112,1st-4th,2,Never-married,Farming-fishing,Unmarried,White,Male,0,0,77,Mexico,0
30,Private,329425,Some-college,10,Never-married,Protective-serv,Own-child,White,Male,0,0,48,United-States,0
36,Local-gov,178222,Bachelors,13,Divorced,Prof-specialty,Not-in-family,White,Female,0,0,60,United-States,0
48,Self-emp-not-inc,51620,Bachelors,13,Separated,Craft-repair,Not-in-family,White,Male,0,0,50,United-States,0
38,Private,103751,9th,5,Married-civ-spouse,Craft-repair,Husband,White,Male,0,0,40,United-States,0
25,Private,191271,HS-grad,9,Never-married,Adm-clerical,Own-child,White,Female,0,0,40,United-States,0
27,Private,466224,Some-college,10,Never-married,Sales,Not-in-family,Black,Male,0,0,40,United-States,0
46,Self-emp-not-inc,102308,Bachelors,13,Married-civ-spouse,Sales,Husband,White,Male,0,2415,40,United-States,1
35,Private,38948,Some-college,10,Married-civ-spouse,Prof-specialty,Husband,White,Male,0,0,40,United-States,1
19,Private,269657,Some-college,10,Never-married,Sales,Not-in-family,White,Female,0,0,35,United-States,0
57,Local-gov,148509,Bachelors,13,Married-civ-spouse,Prof-specialty,Husband,Asian-Pac-Islander,Male,0,0,35,India,0
28,Private,181659,11th,7,Never-married,Transport-moving,Own-child,White,Male,0,0,50,United-States,0
24,Private,215243,Bachelors,13,Never-married,Adm-clerical,Not-in-family,White,Female,0,0,42,United-States,0
62,Private,214288,HS-grad,9,Married-civ-spouse,Machine-op-inspct,Husband,White,Male,0,0,40,United-States,0
20,Private,127185,Some-college,10,Never-married,Prof-specialty,Own-child,White,Female,0,0,15,United-States,0
36,Private,278576,HS-grad,9,Married-civ-spouse,Transport-moving,Husband,White,Male,0,0,50,United-States,0
69,Private,165017,HS-grad,9,Widowed,Machine-op-inspct,Unmarried,White,Male,2538,0,40,United-States,0
34,Private,143392,HS-grad,9,Never-married,Sales,Own-child,White,Female,0,0,40,United-States,0
19,Local-gov,167816,HS-grad,9,Divorced,Exec-managerial,Not-in-family,White,Female,0,0,35,United-States,0
28,Private,66095,HS-grad,9,Married-civ-spouse,Sales,Husband,White,Male,0,0,40,United-States,0
46,Private,207301,HS-grad,9,Never-married,Adm-clerical,Not-in-family,White,Female,0,0,37,United-States,0
27,Private,37933,Some-college,10,Never-married,Adm-clerical,Unmarried,Black,Female,0,0,40,United-States,0
53,Private,114758,Masters,14,Married-civ-spouse,Exec-managerial,Husband,White,Male,15024,0,65,United-States,1
30,Private,267161,Some-college,10,Married-civ-spouse,Tech-support,Wife,Black,Female,0,0,45,United-States,0
44,State-gov,691903,Masters,14,Married-civ-spouse,Prof-specialty,Husband,Black,Male,0,0,60,United-States,1
39,Private,270059,Some-college,10,Divorced,Adm-clerical,Unmarried,White,Female,0,0,35,United-States,0
33,Private,709798,Bachelors,13,Married-civ-spouse,Prof-specialty,Husband,White,Male,0,0,60,United-States,1
26,Private,213799,10th,6,Never-married,Handlers-cleaners,Not-in-family,White,Male,0,0,40,United-States,0
25,Private,456618,7th-8th,4,Never-married,Machine-op-inspct,Unmarried,White,Male,0,0,40,El-Salvador,0
53,Local-gov,260106,Prof-school,15,Divorced,Prof-specialty,Not-in-family,White,Female,0,0,50,United-States,0
53,Private,103586,Bachelors,13,Married-civ-spouse,Handlers-cleaners,Husband,White,Male,0,0,55,United-States,0
34,Private,107793,HS-grad,9,Divorced,Craft-repair,Not-in-family,White,Male,0,0,40,United-States,0
29,Federal-gov,33315,Assoc-acdm,12,Divorced,Adm-clerical,Not-in-family,White,Female,0,0,40,United-States,0
39,Private,237943,Bachelors,13,Married-civ-spouse,Exec-managerial,Husband,White,Male,99999,0,70,United-States,1
38,Private,229700,Masters,14,Married-civ-spouse,Prof-specialty,Husband,Black,Male,0,0,40,United-States,1
27,Private,164924,HS-grad,9,Never-married,Craft-repair,Not-in-family,White,Male,0,0,40,United-States,0
32,Private,328199,Assoc-voc,11,Never-married,Tech-support,Not-in-family,White,Female,0,0,64,United-States,0
29,Private,355569,Assoc-voc,11,Never-married,Exec-managerial,Unmarried,White,Female,0,0,50,United-States,0
38,Self-emp-not-inc,239045,Doctorate,16,Married-civ-spouse,Prof-specialty,Husband,White,Male,0,0,50,United-States,1
25,Private,177499,Bachelors,13,Never-married,Craft-repair,Own-child,White,Male,0,1590,35,United-States,0
18,Private,35065,HS-grad,9,Never-married,Transport-moving,Not-in-family,Black,Male,0,0,35,United-States,0
44,Private,79864,Masters,14,Separated,Exec-managerial,Unmarried,White,Female,0,0,20,United-States,0
52,Self-emp-inc,90363,Prof-school,15,Married-civ-spouse,Prof-specialty,Husband,White,Male,99999,0,35,United-States,1
36,Private,206521,Bachelors,13,Married-civ-spouse,Sales,Husband,White,Male,0,0,60,United-States,1
32,Private,281540,Some-college,10,Married-civ-spouse,Tech-support,Husband,White,Male,0,0,50,United-States,0
33,Private,93206,5th-6th,3,Married-civ-spouse,Farming-fishing,Husband,Asian-Pac-Islander,Male,0,0,40,Philippines,0
31,Private,19491,Some-college,10,Never-married,Craft-repair,Not-in-family,White,Male,0,0,40,United-States,0
52,Private,389270,Some-college,10,Married-civ-spouse,Adm-clerical,Wife,White,Female,0,0,35,United-States,1
53,Private,103931,Some-college,10,Married-civ-spouse,Prof-specialty,Husband,White,Male,0,0,40,United-States,0
45,Federal-gov,81487,Some-college,10,Married-civ-spouse,Adm-clerical,Husband,White,Male,0,0,40,Puerto-Rico,1
33,Local-gov,162623,Masters,14,Never-married,Prof-specialty,Not-in-family,White,Female,0,0,50,United-States,0
37,Private,87076,HS-grad,9,Never-married,Machine-op-inspct,Own-child,White,Male,0,0,40,United-States,0
26,Self-emp-not-inc,233933,10th,6,Never-married,Prof-specialty,Not-in-family,White,Female,0,0,32,United-States,0
58,Private,172618,Prof-school,15,Married-civ-spouse,Prof-specialty,Husband,White,Male,0,0,45,United-States,1
32,Private,370160,Some-college,10,Separated,Exec-managerial,Unmarried,Black,Female,0,0,40,United-States,0
34,Self-emp-inc,154227,Some-college,10,Never-married,Sales,Not-in-family,White,Male,0,0,75,United-States,0
45,Private,161954,Bachelors,13,Never-married,Prof-specialty,Not-in-family,White,Female,0,0,40,Germany,0
76,Private,125784,Bachelors,13,Married-civ-spouse,Exec-managerial,Husband,White,Male,0,0,40,United-States,0
28,Private,247445,HS-grad,9,Never-married,Adm-clerical,Not-in-family,White,Male,0,0,40,United-States,0
53,Private,182855,10th,6,Divorced,Adm-clerical,Unmarried,White,Female,0,0,48,United-States,0
37,Private,77820,Bachelors,13,Married-civ-spouse,Exec-managerial,Husband,White,Male,0,0,45,United-States,1
37,Private,73471,Bachelors,13,Married-civ-spouse,Exec-managerial,Husband,White,Male,0,1887,47,United-States,1
21,Private,209955,HS-grad,9,Never-married,Craft-repair,Not-in-family,White,Male,0,0,48,United-States,0
45,Private,182313,Bachelors,13,Married-civ-spouse,Exec-managerial,Husband,White,Male,7688,0,50,United-States,1
44,Private,115932,Assoc-acdm,12,Married-civ-spouse,Prof-specialty,Husband,White,Male,0,0,40,United-States,0
54,Private,118793,HS-grad,9,Married-civ-spouse,Adm-clerical,Husband,White,Male,0,0,45,United-States,0
34,Private,113838,Some-college,10,Married-civ-spouse,Craft-repair,Husband,White,Male,0,0,45,United-States,0
25,Private,95691,HS-grad,9,Never-married,Other-service,Unmarried,White,Female,0,0,30,Columbia,0
19,Private,277695,9th,5,Never-married,Farming-fishing,Other-relative,White,Male,0,0,16,Mexico,0
48,Private,119565,HS-grad,9,Married-civ-spouse,Craft-repair,Husband,White,Male,0,0,40,United-States,0
42,State-gov,167581,Bachelors,13,Never-married,Adm-clerical,Other-relative,White,Female,0,0,40,United-States,0
47,Private,284916,HS-grad,9,Married-civ-spouse,Sales,Husband,White,Male,7298,0,45,United-States,1
28,Private,487347,HS-grad,9,Never-married,Transport-moving,Not-in-family,White,Male,0,0,45,United-States,0
82,Private,152148,7th-8th,4,Married-civ-spouse,Handlers-cleaners,Husband,White,Male,0,0,2,United-States,0
51,Local-gov,170579,HS-grad,9,Married-civ-spouse,Transport-moving,Husband,White,Male,0,0,40,United-States,1
31,Self-emp-not-inc,265807,Assoc-voc,11,Married-civ-spouse,Exec-managerial,Husband,White,Male,3137,0,50,United-States,0
24,Private,327518,Assoc-voc,11,Married-civ-spouse,Craft-repair,Husband,White,Male,0,0,45,United-States,0
33,Private,231043,HS-grad,9,Married-civ-spouse,Craft-repair,Husband,White,Male,0,0,50,United-States,1
47,Private,362654,HS-grad,9,Married-civ-spouse,Machine-op-inspct,Husband,White,Male,0,0,40,United-States,0
19,Private,263932,HS-grad,9,Never-married,Other-service,Own-child,White,Female,0,0,20,United-States,0
46,Private,213611,7th-8th,4,Married-spouse-absent,Priv-house-serv,Unmarried,White,Female,0,1594,24,Guatemala,0
54,Self-emp-not-inc,392286,Assoc-acdm,12,Married-civ-spouse,Sales,Husband,White,Male,0,0,50,United-States,1
38,Private,167440,Bachelors,13,Married-civ-spouse,Transport-moving,Husband,White,Male,4508,0,40,United-States,0
19,Private,333953,12th,8,Never-married,Other-service,Other-relative,White,Female,0,0,30,United-States,0
27,Private,114967,Bachelors,13,Never-married,Tech-support,Not-in-family,White,Male,0,0,40,United-States,0
34,Private,45114,Bachelors,13,Never-married,Sales,Own-child,Black,Female,0,0,40,United-States,0
36,Private,348960,HS-grad,9,Never-married,Tech-support,Not-in-family,White,Male,0,0,50,United-States,0
40,Private,196029,HS-grad,9,Divorced,Transport-moving,Unmarried,White,Male,0,0,45,United-States,0
36,Private,90897,Assoc-acdm,12,Never-married,Tech-support,Not-in-family,White,Female,0,0,40,United-States,0
55,Self-emp-inc,67433,HS-grad,9,Married-civ-spouse,Exec-managerial,Husband,White,Male,0,0,60,United-States,0
24,Local-gov,184678,Bachelors,13,Never-married,Prof-specialty,Not-in-family,White,Female,0,0,40,United-States,0
58,Local-gov,147428,Masters,14,Married-civ-spouse,Prof-specialty,Husband,White,Male,0,0,40,United-States,1
22,State-gov,255575,Assoc-acdm,12,Never-married,Prof-specialty,Not-in-family,White,Female,0,0,15,United-States,0
19,Private,530454,HS-grad,9,Never-married,Other-service,Not-in-family,White,Female,0,0,50,United-States,0
39,Private,119272,10th,6,Divorced,Transport-moving,Not-in-family,White,Male,0,0,40,United-States,0
29,Self-emp-not-inc,162298,Bachelors,13,Married-civ-spouse,Sales,Husband,White,Male,0,0,70,United-States,1
40,State-gov,345969,Assoc-acdm,12,Married-civ-spouse,Adm-clerical,Husband,White,Male,0,0,40,United-States,1
28,Private,38309,Assoc-voc,11,Married-civ-spouse,Adm-clerical,Husband,White,Male,2407,0,40,United-States,0
45,Private,357540,Bachelors,13,Married-civ-spouse,Sales,Husband,White,Male,0,2002,55,United-States,0
26,Private,139116,Some-college,10,Never-married,Other-service,Own-child,Black,Female,0,0,50,United-States,0
58,Private,119386,Assoc-voc,11,Divorced,Adm-clerical,Not-in-family,White,Female,0,0,60,United-States,0
59,Private,195835,7th-8th,4,Divorced,Transport-moving,Not-in-family,White,Male,0,0,40,United-States,0
27,Self-emp-inc,120126,9th,5,Never-married,Craft-repair,Own-child,White,Male,0,0,40,United-States,0
37,Local-gov,48976,Bachelors,13,Never-married,Prof-specialty,Not-in-family,White,Female,4865,0,45,United-States,0
47,Private,148884,HS-grad,9,Married-civ-spouse,Transport-moving,Husband,White,Male,0,0,60,United-States,0
33,Private,168030,Some-college,10,Married-civ-spouse,Prof-specialty,Wife,White,Female,7298,0,21,United-States,1
41,Private,165309,Bachelors,13,Divorced,Adm-clerical,Unmarried,White,Female,0,0,40,United-States,0
32,Private,235862,Some-college,10,Divorced,Exec-managerial,Not-in-family,White,Female,0,0,45,United-States,0
23,Private,152189,Assoc-acdm,12,Never-married,Other-service,Not-in-family,White,Male,0,0,40,United-States,0
38,Private,31069,Assoc-voc,11,Married-civ-spouse,Craft-repair,Husband,White,Male,4386,0,40,United-States,1
46,Private,295566,Doctorate,16,Divorced,Prof-specialty,Unmarried,White,Female,25236,0,65,United-States,1
49,Private,328776,HS-grad,9,Divorced,Exec-managerial,Unmarried,White,Female,0,0,40,United-States,0
20,Private,227943,HS-grad,9,Never-married,Handlers-cleaners,Own-child,White,Male,0,0,45,United-States,0
53,Local-gov,207449,10th,6,Married-civ-spouse,Other-service,Husband,White,Male,0,0,40,United-States,0
24,Private,223515,HS-grad,9,Married-civ-spouse,Craft-repair,Husband,White,Male,0,0,45,United-States,0
39,Local-gov,113253,Bachelors,13,Married-civ-spouse,Prof-specialty,Wife,White,Female,0,0,50,United-States,1
46,Private,380162,HS-grad,9,Married-civ-spouse,Tech-support,Husband,Black,Male,0,0,40,United-States,1
31,Private,369825,7th-8th,4,Never-married,Handlers-cleaners,Other-relative,White,Male,0,0,25,United-States,0
40,Private,259307,Masters,14,Married-civ-spouse,Exec-managerial,Husband,White,Male,0,0,50,United-States,1
32,Private,211743,Bachelors,13,Never-married,Sales,Not-in-family,White,Male,0,0,45,United-States,0
26,Federal-gov,48099,Bachelors,13,Never-married,Exec-managerial,Not-in-family,White,Female,0,0,40,United-States,0
32,Private,117779,HS-grad,9,Never-married,Transport-moving,Own-child,White,Female,0,0,35,United-States,0
36,Private,410034,Assoc-acdm,12,Married-civ-spouse,Craft-repair,Husband,White,Male,0,0,45,United-States,0
42,Local-gov,101593,Bachelors,13,Married-civ-spouse,Protective-serv,Husband,White,Male,0,0,42,United-States,0
44,Private,182402,HS-grad,9,Married-civ-spouse,Craft-repair,Husband,White,Male,0,0,40,United-States,1
55,Private,115439,Prof-school,15,Married-civ-spouse,Exec-managerial,Husband,White,Male,99999,0,40,United-States,1
21,Private,192572,HS-grad,9,Never-married,Adm-clerical,Own-child,White,Female,0,0,45,United-States,0
38,Private,89559,Some-college,10,Separated,Prof-specialty,Unmarried,White,Female,0,0,40,Germany,0
38,Private,179262,Some-college,10,Divorced,Adm-clerical,Unmarried,White,Female,0,0,30,United-States,0
53,Local-gov,124094,HS-grad,9,Married-civ-spouse,Craft-repair,Husband,White,Male,5013,0,35,United-States,0
54,Private,227832,12th,8,Married-civ-spouse,Craft-repair,Husband,White,Male,0,0,40,United-States,0
25,Private,160445,HS-grad,9,Divorced,Craft-repair,Not-in-family,White,Male,0,0,40,United-States,0
36,Private,376455,Assoc-voc,11,Divorced,Craft-repair,Not-in-family,White,Male,0,0,38,United-States,0
20,State-gov,178517,Some-college,10,Never-married,Farming-fishing,Not-in-family,White,Male,0,0,40,United-States,0
48,Private,41504,HS-grad,9,Married-civ-spouse,Transport-moving,Husband,White,Male,0,0,40,United-States,1
49,Private,119182,HS-grad,9,Separated,Other-service,Not-in-family,Black,Female,0,0,35,United-States,0
47,Private,155659,Some-college,10,Married-civ-spouse,Craft-repair,Husband,White,Male,7688,0,55,United-States,1
40,Private,67852,HS-grad,9,Divorced,Transport-moving,Not-in-family,White,Male,0,0,35,United-States,0
56,Self-emp-inc,184598,9th,5,Married-civ-spouse,Transport-moving,Husband,White,Male,0,0,99,United-States,0
35,Self-emp-inc,196373,Bachelors,13,Married-civ-spouse,Exec-managerial,Husband,White,Male,0,0,45,United-States,1
60,Private,193235,Assoc-acdm,12,Married-civ-spouse,Adm-clerical,Husband,White,Male,0,0,24,United-States,0
44,Private,358199,Some-college,10,Married-civ-spouse,Sales,Husband,White,Male,0,0,45,United-States,1
44,Private,310255,Some-college,10,Married-civ-spouse,Craft-repair,Husband,White,Male,0,0,60,United-States,1
64,Private,254797,Some-college,10,Married-civ-spouse,Exec-managerial,Husband,White,Male,0,0,40,United-States,0
50,Private,217083,HS-grad,9,Married-civ-spouse,Adm-clerical,Wife,White,Female,0,0,40,United-States,1
20,Private,316043,11th,7,Never-married,Other-service,Own-child,Black,Male,594,0,20,United-States,0
47,Private,187969,11th,7,Divorced,Other-service,Not-in-family,White,Female,0,0,38,United-States,0
43,Private,233851,Bachelors,13,Divorced,Adm-clerical,Not-in-family,White,Female,0,0,40,United-States,0
35,Private,330664,Some-college,10,Never-married,Sales,Not-in-family,White,Male,0,0,40,United-States,0
23,Private,224954,Some-college,10,Never-married,Machine-op-inspct,Own-child,White,Male,0,0,25,United-States,0
65,Private,261334,9th,5,Widowed,Sales,Not-in-family,White,Female,0,0,40,United-States,0
22,Private,216181,11th,7,Never-married,Craft-repair,Own-child,White,Male,0,0,45,United-States,0
44,Private,153489,HS-grad,9,Never-married,Other-service,Unmarried,White,Male,0,0,40,United-States,0
36,Private,230329,Bachelors,13,Married-civ-spouse,Exec-managerial,Husband,White,Male,0,0,50,United-States,1
33,Private,153588,HS-grad,9,Married-civ-spouse,Machine-op-inspct,Husband,White,Male,0,0,40,United-States,0
41,Self-emp-inc,218302,Bachelors,13,Married-civ-spouse,Sales,Husband,White,Male,0,0,60,United-States,1
39,Local-gov,301614,11th,7,Married-civ-spouse,Other-service,Husband,White,Male,0,0,40,United-States,0
39,Private,214816,Bachelors,13,Married-civ-spouse,Exec-managerial,Husband,White,Male,0,0,60,United-States,0
21,Private,197387,HS-grad,9,Never-married,Handlers-cleaners,Own-child,White,Male,0,0,20,United-States,0
45,Local-gov,339681,Masters,14,Divorced,Prof-specialty,Unmarried,White,Female,1506,0,45,United-States,0
24,Private,202721,Some-college,10,Never-married,Adm-clerical,Own-child,Black,Female,0,0,40,United-States,0
25,Private,248990,1st-4th,2,Never-married,Machine-op-inspct,Not-in-family,White,Male,0,0,24,Mexico,0
48,State-gov,353824,HS-grad,9,Married-civ-spouse,Protective-serv,Husband,White,Male,0,0,72,United-States,1
41,State-gov,129865,HS-grad,9,Divorced,Craft-repair,Unmarried,White,Male,0,0,40,United-States,0
44,Private,172032,Assoc-voc,11,Married-civ-spouse,Adm-clerical,Husband,White,Male,7298,0,51,United-States,1
40,Private,223934,Some-college,10,Married-civ-spouse,Adm-clerical,Wife,White,Female,0,0,17,United-States,1
24,Private,206008,Assoc-acdm,12,Never-married,Prof-specialty,Own-child,Black,Male,0,0,20,United-States,0
32,Federal-gov,42900,Prof-school,15,Married-civ-spouse,Prof-specialty,Husband,White,Male,15024,0,50,United-States,1
45,Private,361842,HS-grad,9,Widowed,Craft-repair,Not-in-family,White,Female,0,0,40,United-States,0
44,Self-emp-not-inc,315406,11th,7,Married-civ-spouse,Farming-fishing,Husband,White,Male,0,0,88,United-States,0
30,Private,213722,HS-grad,9,Never-married,Handlers-cleaners,Own-child,White,Male,0,0,40,United-States,0
21,Private,307315,Some-college,10,Never-married,Adm-clerical,Unmarried,White,Male,0,0,40,United-States,0
54,Private,206369,HS-grad,9,Married-civ-spouse,Machine-op-inspct,Husband,White,Male,5178,0,50,United-States,1
21,Federal-gov,99199,HS-grad,9,Never-married,Adm-clerical,Own-child,White,Male,0,0,36,United-States,0
34,Private,178615,HS-grad,9,Never-married,Handlers-cleaners,Not-in-family,White,Male,0,0,40,United-States,0
45,Local-gov,181758,Masters,14,Never-married,Prof-specialty,Not-in-family,White,Female,0,0,40,United-States,0
65,Private,95303,HS-grad,9,Married-civ-spouse,Exec-managerial,Husband,White,Male,0,0,40,United-States,1
32,Self-emp-not-inc,56026,Bachelors,13,Married-civ-spouse,Sales,Other-relative,White,Male,0,0,45,United-States,0
37,Local-gov,397877,Bachelors,13,Married-civ-spouse,Adm-clerical,Husband,White,Male,0,0,40,United-States,1
61,Private,179743,HS-grad,9,Married-civ-spouse,Craft-repair,Husband,White,Male,0,2051,20,United-States,0
48,Self-emp-not-inc,191389,Some-college,10,Separated,Sales,Unmarried,White,Female,0,0,50,United-States,0
38,Self-emp-not-inc,163204,HS-grad,9,Married-civ-spouse,Craft-repair,Husband,White,Male,3411,0,25,United-States,0
37,State-gov,354929,Assoc-acdm,12,Divorced,Protective-serv,Not-in-family,Black,Male,0,0,38,United-States,0
29,Private,202878,7th-8th,4,Married-civ-spouse,Farming-fishing,Husband,White,Male,0,2042,40,United-States,0
26,Private,257405,5th-6th,3,Never-married,Farming-fishing,Other-relative,Black,Male,0,0,40,Mexico,0
35,Self-emp-not-inc,31095,Some-college,10,Separated,Farming-fishing,Not-in-family,White,Male,4101,0,60,United-States,0
44,Private,174373,Assoc-acdm,12,Married-civ-spouse,Craft-repair,Husband,White,Male,0,0,40,United-States,1
21,Private,201179,HS-grad,9,Never-married,Adm-clerical,Own-child,White,Male,0,0,40,United-States,0
46,Federal-gov,39606,Masters,14,Married-civ-spouse,Exec-managerial,Husband,White,Male,0,0,40,England,1
53,Self-emp-not-inc,196328,HS-grad,9,Married-civ-spouse,Exec-managerial,Husband,Black,Male,0,0,45,United-States,1
60,Self-emp-not-inc,127805,7th-8th,4,Married-civ-spouse,Transport-moving,Husband,White,Male,0,0,40,United-States,1
34,Private,178615,HS-grad,9,Married-civ-spouse,Machine-op-inspct,Husband,White,Male,0,0,40,United-States,0
21,Private,162228,Some-college,10,Never-married,Adm-clerical,Own-child,White,Male,0,0,40,United-States,0
38,Private,372559,Some-college,10,Married-civ-spouse,Craft-repair,Husband,Black,Male,0,0,40,United-States,0
84,Private,132806,HS-grad,9,Widowed,Other-service,Not-in-family,White,Female,0,0,13,United-States,0
29,Private,258862,Bachelors,13,Never-married,Craft-repair,Not-in-family,White,Female,0,0,45,United-States,0
41,Private,152636,HS-grad,9,Divorced,Craft-repair,Unmarried,White,Female,0,0,50,United-States,0
59,Self-emp-not-inc,31137,HS-grad,9,Married-civ-spouse,Farming-fishing,Husband,White,Male,0,0,70,United-States,0
48,Private,174829,Assoc-acdm,12,Married-civ-spouse,Machine-op-inspct,Husband,White,Male,0,0,40,United-States,0
27,Federal-gov,196386,Assoc-acdm,12,Married-civ-spouse,Adm-clerical,Husband,White,Male,4064,0,40,El-Salvador,0
37,State-gov,210452,Masters,14,Married-civ-spouse,Exec-managerial,Husband,White,Male,0,0,38,United-States,0
42,Private,318947,HS-grad,9,Divorced,Machine-op-inspct,Not-in-family,White,Female,0,0,40,United-States,0
57,Self-emp-inc,107617,HS-grad,9,Separated,Farming-fishing,Not-in-family,White,Male,0,0,60,United-States,1
19,Private,354104,HS-grad,9,Never-married,Handlers-cleaners,Own-child,White,Male,0,0,30,United-States,0
42,Private,175526,HS-grad,9,Married-civ-spouse,Machine-op-inspct,Husband,White,Male,0,0,40,United-States,0
63,Private,149756,Assoc-acdm,12,Divorced,Exec-managerial,Not-in-family,White,Male,0,0,40,United-States,1
19,Private,229431,Some-college,10,Never-married,Prof-specialty,Own-child,White,Male,0,0,11,United-States,0
43,Local-gov,247514,Masters,14,Divorced,Prof-specialty,Unmarried,White,Male,0,0,40,United-States,0
51,Private,183709,Assoc-voc,11,Separated,Prof-specialty,Unmarried,White,Female,0,0,40,United-States,0
40,Private,202872,Assoc-acdm,12,Never-married,Adm-clerical,Own-child,White,Female,0,0,45,United-States,0
37,Local-gov,44694,Masters,14,Married-civ-spouse,Prof-specialty,Wife,White,Female,0,0,45,United-States,1
24,Private,236769,Assoc-acdm,12,Never-married,Exec-managerial,Own-child,White,Male,0,0,40,United-States,0
29,Private,200515,Some-college,10,Married-civ-spouse,Machine-op-inspct,Husband,White,Male,0,0,38,United-States,0
26,Private,50103,Some-college,10,Married-civ-spouse,Sales,Wife,White,Female,0,0,40,United-States,0
26,State-gov,169323,Masters,14,Never-married,Prof-specialty,Not-in-family,White,Female,0,0,40,United-States,0
34,Self-emp-not-inc,177639,Assoc-acdm,12,Never-married,Craft-repair,Not-in-family,White,Male,0,0,40,United-States,0
54,Private,260052,Masters,14,Married-civ-spouse,Prof-specialty,Husband,White,Male,0,0,40,United-States,1
22,Private,340543,HS-grad,9,Never-married,Tech-support,Not-in-family,White,Female,0,0,40,United-States,0
38,Self-emp-not-inc,267556,HS-grad,9,Married-civ-spouse,Sales,Husband,White,Male,0,0,64,United-States,0
17,Private,114420,11th,7,Never-married,Sales,Own-child,White,Female,0,0,30,United-States,0
32,Private,193231,HS-grad,9,Married-civ-spouse,Craft-repair,Husband,White,Male,0,0,40,United-States,0
65,Private,149131,11th,7,Divorced,Machine-op-inspct,Other-relative,White,Male,0,0,40,United-States,0
23,Private,189072,Bachelors,13,Never-married,Tech-support,Not-in-family,Black,Female,0,0,45,United-States,0
56,Self-emp-not-inc,183081,Some-college,10,Married-civ-spouse,Sales,Husband,White,Male,0,0,45,United-States,0
59,Local-gov,223215,Some-college,10,Married-civ-spouse,Protective-serv,Husband,White,Male,0,0,42,United-States,0
71,Private,180733,Masters,14,Never-married,Other-service,Not-in-family,White,Female,0,0,20,United-States,0
25,Private,138765,Some-college,10,Married-civ-spouse,Machine-op-inspct,Husband,White,Male,0,0,40,United-States,0
55,Federal-gov,176904,HS-grad,9,Married-civ-spouse,Exec-managerial,Husband,White,Male,0,0,40,United-States,0
56,Private,117872,Assoc-voc,11,Married-civ-spouse,Craft-repair,Husband,Black,Male,0,0,40,United-States,1
30,Self-emp-not-inc,33308,HS-grad,9,Never-married,Craft-repair,Not-in-family,White,Male,0,0,40,United-States,0
62,Private,116812,Some-college,10,Divorced,Adm-clerical,Not-in-family,White,Female,0,0,40,United-States,0
47,Federal-gov,137917,Some-college,10,Married-civ-spouse,Adm-clerical,Husband,Black,Male,0,0,40,United-States,1
47,Private,46857,Some-college,10,Divorced,Adm-clerical,Not-in-family,White,Male,0,0,40,United-States,0
58,Private,150560,Bachelors,13,Divorced,Adm-clerical,Not-in-family,White,Female,14084,0,40,United-States,1
58,Private,51662,10th,6,Married-civ-spouse,Other-service,Wife,White,Female,0,0,8,United-States,0
28,Private,161087,Some-college,10,Never-married,Exec-managerial,Not-in-family,Black,Female,0,0,45,Jamaica,0
36,Private,398931,Bachelors,13,Married-civ-spouse,Prof-specialty,Husband,White,Male,0,1485,50,United-States,1
48,Private,313925,Assoc-acdm,12,Married-civ-spouse,Prof-specialty,Wife,White,Female,0,0,30,United-States,1
37,Private,224947,Assoc-voc,11,Never-married,Other-service,Not-in-family,White,Male,0,0,40,United-States,0
63,Private,183608,10th,6,Married-civ-spouse,Exec-managerial,Husband,White,Male,0,0,40,United-States,0
40,Private,121956,Bachelors,13,Married-spouse-absent,Prof-specialty,Not-in-family,Asian-Pac-Islander,Male,13550,0,40,Cambodia,1
45,Local-gov,170099,Assoc-acdm,12,Married-civ-spouse,Handlers-cleaners,Husband,White,Male,0,0,40,United-States,0
48,Private,125120,Some-college,10,Divorced,Adm-clerical,Unmarried,White,Female,0,0,55,United-States,0
42,Private,112956,HS-grad,9,Never-married,Transport-moving,Own-child,White,Male,0,0,40,United-States,0
64,Self-emp-not-inc,213945,HS-grad,9,Married-civ-spouse,Craft-repair,Husband,White,Male,0,0,50,United-States,0
45,Private,216932,Masters,14,Married-civ-spouse,Exec-managerial,Husband,White,Male,0,0,40,United-States,1
25,Private,187502,HS-grad,9,Never-married,Sales,Own-child,Black,Male,0,0,24,United-States,0
29,Private,327964,9th,5,Divorced,Machine-op-inspct,Unmarried,Black,Female,0,0,40,United-States,0
44,Private,163215,12th,8,Divorced,Machine-op-inspct,Unmarried,White,Female,0,0,40,United-States,0
17,Private,103851,11th,7,Never-married,Adm-clerical,Own-child,White,Female,1055,0,20,United-States,0
61,Private,69867,HS-grad,9,Married-civ-spouse,Exec-managerial,Husband,White,Male,0,0,40,United-States,1
17,Private,165918,11th,7,Never-married,Handlers-cleaners,Own-child,White,Male,0,0,20,Peru,0
42,Private,185057,HS-grad,9,Separated,Adm-clerical,Unmarried,White,Female,0,0,35,Scotland,0
46,Private,186172,Bachelors,13,Married-civ-spouse,Prof-specialty,Husband,White,Male,3103,0,40,United-States,1
44,Private,267717,Masters,14,Married-civ-spouse,Prof-specialty,Husband,White,Male,0,0,42,United-States,1
25,Private,289980,HS-grad,9,Never-married,Handlers-cleaners,Not-in-family,White,Male,0,0,35,United-States,0
39,Private,160123,HS-grad,9,Widowed,Adm-clerical,Not-in-family,White,Female,0,0,40,United-States,0
41,Private,237452,Bachelors,13,Married-civ-spouse,Prof-specialty,Wife,White,Female,0,0,15,Cuba,1
38,Local-gov,107513,HS-grad,9,Married-civ-spouse,Transport-moving,Husband,White,Male,0,0,40,United-States,0
54,Private,124194,HS-grad,9,Widowed,Other-service,Unmarried,White,Female,0,0,40,United-States,0
22,State-gov,64292,Bachelors,13,Never-married,Prof-specialty,Own-child,White,Female,0,0,43,United-States,0
21,Private,199915,Some-college,10,Never-married,Other-service,Own-child,White,Female,0,0,40,United-States,0
46,Local-gov,125892,Some-college,10,Married-civ-spouse,Protective-serv,Husband,White,Male,0,0,40,United-States,1
31,Private,185814,HS-grad,9,Never-married,Transport-moving,Unmarried,Black,Female,0,0,30,United-States,0
23,Local-gov,496382,Some-college,10,Married-spouse-absent,Adm-clerical,Own-child,White,Female,0,0,40,Guatemala,0
37,Private,635913,Bachelors,13,Never-married,Exec-managerial,Not-in-family,Black,Male,0,0,60,United-States,1
39,Local-gov,327435,HS-grad,9,Divorced,Craft-repair,Unmarried,White,Female,0,0,40,United-States,0
37,State-gov,482927,Some-college,10,Divorced,Other-service,Not-in-family,White,Male,0,0,65,United-States,0
51,Private,161838,Assoc-voc,11,Married-civ-spouse,Craft-repair,Husband,White,Male,0,0,57,United-States,0
36,Private,164898,HS-grad,9,Married-civ-spouse,Exec-managerial,Husband,White,Male,0,0,40,United-States,0
39,Local-gov,249392,Masters,14,Married-civ-spouse,Prof-specialty,Husband,White,Male,0,0,72,United-States,0
62,Private,177791,10th,6,Divorced,Other-service,Own-child,White,Female,0,0,40,United-States,0
31,Private,312667,9th,5,Married-civ-spouse,Craft-repair,Husband,White,Male,0,0,40,United-States,0
21,Private,239577,Some-college,10,Never-married,Adm-clerical,Own-child,White,Male,0,0,40,United-States,0
61,Local-gov,167347,Some-college,10,Married-civ-spouse,Adm-clerical,Husband,White,Male,0,0,35,United-States,0
54,Self-emp-not-inc,136224,Masters,14,Divorced,Prof-specialty,Not-in-family,White,Female,0,0,30,United-States,0
28,Private,70034,7th-8th,4,Never-married,Adm-clerical,Own-child,White,Male,0,0,40,Portugal,0
26,State-gov,180886,Masters,14,Married-civ-spouse,Prof-specialty,Husband,White,Male,0,0,30,United-States,0
40,Private,226388,HS-grad,9,Married-civ-spouse,Craft-repair,Husband,Black,Male,0,0,40,United-States,0
21,Private,63899,11th,7,Never-married,Adm-clerical,Other-relative,White,Female,0,0,40,United-States,0
26,Private,96130,HS-grad,9,Never-married,Craft-repair,Other-relative,White,Male,0,0,40,United-States,0
38,Private,200818,Prof-school,15,Married-civ-spouse,Prof-specialty,Husband,White,Male,0,0,40,United-States,1
25,Private,190350,HS-grad,9,Never-married,Adm-clerical,Unmarried,Black,Female,0,0,40,United-States,0
38,Private,203836,Some-college,10,Married-civ-spouse,Sales,Husband,White,Male,0,0,50,United-States,1
49,Private,224393,Bachelors,13,Married-civ-spouse,Exec-managerial,Husband,White,Male,0,0,55,United-States,1
29,Self-emp-not-inc,160786,HS-grad,9,Married-civ-spouse,Exec-managerial,Husband,White,Male,0,0,55,United-States,0
59,State-gov,105363,HS-grad,9,Never-married,Adm-clerical,Own-child,White,Male,0,0,40,United-States,0
53,Federal-gov,181677,Some-college,10,Divorced,Handlers-cleaners,Not-in-family,White,Male,0,0,40,United-States,0
60,Private,142922,HS-grad,9,Married-civ-spouse,Craft-repair,Husband,White,Male,0,0,50,United-States,0
50,Self-emp-not-inc,371305,HS-grad,9,Married-civ-spouse,Sales,Husband,White,Male,0,1902,60,United-States,1
44,Private,259479,HS-grad,9,Divorced,Transport-moving,Unmarried,White,Male,0,0,50,United-States,0
29,Private,256956,Assoc-voc,11,Never-married,Machine-op-inspct,Not-in-family,White,Male,0,0,40,United-States,0
44,Private,144778,Some-college,10,Separated,Exec-managerial,Not-in-family,White,Male,0,0,45,United-States,1
35,Private,119272,Bachelors,13,Married-civ-spouse,Exec-managerial,Husband,White,Male,0,0,55,United-States,1
46,Private,84402,Bachelors,13,Divorced,Prof-specialty,Not-in-family,White,Male,0,0,45,United-States,1
59,Private,158813,Some-college,10,Married-civ-spouse,Exec-managerial,Husband,White,Male,0,0,60,United-States,1
32,Private,342458,Bachelors,13,Never-married,Prof-specialty,Not-in-family,White,Male,0,0,40,United-States,0
49,Private,98092,HS-grad,9,Married-civ-spouse,Craft-repair,Husband,White,Male,0,0,40,United-States,1
51,Self-emp-not-inc,156802,HS-grad,9,Married-civ-spouse,Farming-fishing,Husband,White,Male,3103,0,60,United-States,1
28,Private,114967,Bachelors,13,Married-civ-spouse,Prof-specialty,Husband,White,Male,0,0,40,United-States,1
27,Private,210313,HS-grad,9,Never-married,Handlers-cleaners,Other-relative,White,Male,0,0,28,Guatemala,0
46,Private,276087,HS-grad,9,Married-civ-spouse,Sales,Husband,White,Male,5013,0,50,United-States,0
55,Private,199067,Bachelors,13,Married-civ-spouse,Exec-managerial,Husband,White,Male,15024,0,42,United-States,1
33,Private,66278,Masters,14,Never-married,Prof-specialty,Not-in-family,White,Female,0,0,40,United-States,0
54,Private,123011,HS-grad,9,Married-civ-spouse,Machine-op-inspct,Husband,White,Male,0,0,40,Poland,1
43,Federal-gov,211763,Doctorate,16,Separated,Prof-specialty,Unmarried,Black,Female,0,0,24,United-States,1
52,Local-gov,40641,10th,6,Married-civ-spouse,Craft-repair,Husband,White,Male,5013,0,40,United-States,0
56,Private,37394,Masters,14,Married-civ-spouse,Exec-managerial,Husband,White,Male,0,0,40,United-States,0
36,Private,110998,Masters,14,Widowed,Tech-support,Unmarried,Asian-Pac-Islander,Female,0,0,40,India,0
32,Private,33678,Some-college,10,Married-civ-spouse,Transport-moving,Husband,White,Male,0,0,50,United-States,1
37,Private,291981,HS-grad,9,Divorced,Machine-op-inspct,Not-in-family,White,Male,0,0,40,United-States,0
22,Private,203182,Bachelors,13,Never-married,Exec-managerial,Other-relative,White,Female,0,0,20,United-States,0
36,State-gov,37931,HS-grad,9,Married-civ-spouse,Protective-serv,Husband,White,Male,0,0,48,United-States,1
23,Private,72887,HS-grad,9,Never-married,Craft-repair,Own-child,Asian-Pac-Islander,Male,0,0,1,Vietnam,0
38,Private,32916,Some-college,10,Married-civ-spouse,Exec-managerial,Husband,White,Male,0,0,45,United-States,0
41,Private,315834,Bachelors,13,Never-married,Prof-specialty,Not-in-family,White,Female,0,1876,40,United-States,0
51,Self-emp-not-inc,118259,HS-grad,9,Married-civ-spouse,Craft-repair,Husband,White,Male,3137,0,60,United-States,0
41,Self-emp-not-inc,151990,Assoc-voc,11,Married-civ-spouse,Prof-specialty,Wife,White,Female,0,0,15,United-States,1
25,Private,122756,11th,7,Separated,Machine-op-inspct,Not-in-family,Black,Male,0,0,35,United-States,0
52,Self-emp-not-inc,334273,Bachelors,13,Married-civ-spouse,Prof-specialty,Husband,White,Male,0,0,60,United-States,1
57,Private,142714,Some-college,10,Divorced,Other-service,Not-in-family,White,Female,0,0,38,United-States,0
39,Private,317434,HS-grad,9,Married-civ-spouse,Craft-repair,Husband,White,Male,0,0,40,United-States,0
77,Local-gov,177550,Bachelors,13,Married-civ-spouse,Adm-clerical,Husband,White,Male,3818,0,14,United-States,0
36,Private,170376,HS-grad,9,Married-civ-spouse,Craft-repair,Husband,White,Male,0,0,45,United-States,1
52,Private,78012,HS-grad,9,Widowed,Sales,Unmarried,White,Female,0,1762,40,United-States,0
35,Private,270572,Bachelors,13,Divorced,Prof-specialty,Not-in-family,White,Female,0,0,40,United-States,1
32,Private,146154,HS-grad,9,Married-civ-spouse,Sales,Wife,White,Female,0,0,40,United-States,0
35,Private,52187,Some-college,10,Never-married,Other-service,Not-in-family,White,Male,0,0,30,United-States,0
19,Private,118535,12th,8,Never-married,Sales,Own-child,White,Female,0,0,18,United-States,0
38,Private,51838,HS-grad,9,Married-civ-spouse,Prof-specialty,Wife,White,Female,0,0,40,United-States,0
24,Private,281356,1st-4th,2,Never-married,Farming-fishing,Not-in-family,Other,Male,0,0,66,Mexico,0
33,Private,198211,HS-grad,9,Married-civ-spouse,Tech-support,Husband,White,Male,0,0,40,United-States,0
34,Federal-gov,189944,Some-college,10,Never-married,Adm-clerical,Not-in-family,Black,Female,0,0,72,United-States,0
46,Federal-gov,344415,Masters,14,Married-civ-spouse,Armed-Forces,Husband,White,Male,0,1887,40,United-States,1
56,Private,32446,Some-college,10,Married-civ-spouse,Craft-repair,Husband,White,Male,0,0,40,United-States,1
50,Private,166758,Some-college,10,Divorced,Other-service,Not-in-family,White,Female,0,0,15,United-States,0
60,Private,198727,HS-grad,9,Married-civ-spouse,Prof-specialty,Husband,White,Male,0,0,30,United-States,0
31,Private,347166,Some-college,10,Divorced,Craft-repair,Own-child,White,Male,4650,0,40,United-States,0
40,Private,101593,Bachelors,13,Married-civ-spouse,Prof-specialty,Husband,White,Male,0,0,50,United-States,0
35,Private,253006,Some-college,10,Married-civ-spouse,Prof-specialty,Husband,White,Male,7688,0,38,United-States,1
24,Private,341368,HS-grad,9,Never-married,Adm-clerical,Not-in-family,White,Male,0,0,40,United-States,0
17,Private,112291,11th,7,Never-married,Handlers-cleaners,Own-child,White,Male,0,0,12,United-States,0
40,Private,360884,Some-college,10,Never-married,Tech-support,Not-in-family,White,Female,0,0,50,United-States,1
52,Private,89041,HS-grad,9,Married-civ-spouse,Craft-repair,Husband,White,Male,0,0,40,United-States,0
42,Self-emp-inc,152071,Prof-school,15,Married-civ-spouse,Prof-specialty,Husband,White,Male,0,0,60,Cuba,1
56,Private,193622,HS-grad,9,Separated,Craft-repair,Unmarried,White,Male,0,0,40,United-States,0
60,Private,122276,5th-6th,3,Married-civ-spouse,Craft-repair,Husband,White,Male,0,0,45,Italy,0
33,Private,80945,HS-grad,9,Married-civ-spouse,Machine-op-inspct,Husband,White,Male,0,0,40,United-States,0
56,Private,164332,HS-grad,9,Married-civ-spouse,Sales,Wife,White,Female,0,0,15,United-States,0
51,Private,86332,Assoc-voc,11,Married-civ-spouse,Other-service,Husband,White,Male,4064,0,55,United-States,0
62,Local-gov,208266,Assoc-voc,11,Divorced,Adm-clerical,Not-in-family,Black,Female,0,0,40,United-States,0
38,Federal-gov,190174,HS-grad,9,Divorced,Prof-specialty,Unmarried,White,Female,0,0,40,United-States,0
53,Private,29557,Some-college,10,Divorced,Prof-specialty,Not-in-family,White,Female,0,0,40,United-States,0
53,Private,158294,Masters,14,Married-civ-spouse,Prof-specialty,Husband,White,Male,7298,0,40,United-States,1
22,Private,146540,11th,7,Never-married,Craft-repair,Not-in-family,White,Male,0,0,50,United-States,0
30,Private,206051,HS-grad,9,Married-civ-spouse,Transport-moving,Husband,White,Male,0,0,40,United-States,0
55,Private,105304,HS-grad,9,Married-civ-spouse,Machine-op-inspct,Husband,White,Male,0,0,40,United-States,0
23,Local-gov,280164,HS-grad,9,Never-married,Other-service,Own-child,Black,Male,0,0,32,United-States,0
37,Federal-gov,197284,Some-college,10,Never-married,Adm-clerical,Own-child,White,Male,0,0,40,United-States,0
22,Private,197583,Bachelors,13,Never-married,Sales,Not-in-family,White,Female,0,0,20,United-States,0
21,Private,176690,Some-college,10,Never-married,Other-service,Own-child,White,Male,0,0,24,United-States,0
59,Private,186385,10th,6,Married-civ-spouse,Machine-op-inspct,Husband,White,Male,0,0,40,United-States,0
61,Federal-gov,181081,HS-grad,9,Divorced,Adm-clerical,Own-child,Black,Female,0,0,20,United-States,0
50,Private,221791,Assoc-acdm,12,Married-civ-spouse,Tech-support,Husband,Black,Male,0,0,40,United-States,0
23,Private,119156,HS-grad,9,Married-civ-spouse,Craft-repair,Husband,White,Male,0,0,40,United-States,0
39,Private,207568,HS-grad,9,Married-civ-spouse,Handlers-cleaners,Husband,White,Male,0,0,48,United-States,1
43,Private,241895,Bachelors,13,Married-civ-spouse,Exec-managerial,Husband,White,Male,0,0,50,United-States,1
28,Private,183175,Some-college,10,Divorced,Adm-clerical,Not-in-family,White,Female,0,0,40,United-States,0
41,Private,124956,Bachelors,13,Separated,Prof-specialty,Not-in-family,Black,Female,99999,0,60,United-States,1
56,Private,314727,HS-grad,9,Married-civ-spouse,Craft-repair,Husband,White,Male,0,0,35,United-States,1
40,Private,220589,Some-college,10,Married-civ-spouse,Sales,Wife,White,Female,0,0,40,United-States,1
53,Local-gov,283602,Masters,14,Married-civ-spouse,Prof-specialty,Wife,White,Female,15024,0,40,United-States,1
20,Private,283969,Some-college,10,Never-married,Handlers-cleaners,Other-relative,White,Male,0,0,15,United-States,0
46,Private,201217,HS-grad,9,Divorced,Prof-specialty,Not-in-family,White,Female,0,0,40,United-States,0
39,Private,22494,Bachelors,13,Never-married,Exec-managerial,Not-in-family,White,Female,0,0,40,United-States,0
32,Private,27882,Some-college,10,Never-married,Machine-op-inspct,Other-relative,White,Female,0,2205,40,Holand-Netherlands,0
27,Private,189462,Masters,14,Never-married,Prof-specialty,Not-in-family,White,Female,0,1504,45,United-States,0
54,Private,339667,HS-grad,9,Never-married,Adm-clerical,Not-in-family,White,Male,0,0,41,United-States,0
48,Private,205424,Bachelors,13,Divorced,Sales,Unmarried,White,Male,0,0,40,United-States,1
58,Private,83542,HS-grad,9,Never-married,Other-service,Not-in-family,White,Male,0,0,40,United-States,0
31,Private,151053,Some-college,10,Married-civ-spouse,Transport-moving,Husband,White,Male,5178,0,40,United-States,1
52,Self-emp-not-inc,194995,Bachelors,13,Married-civ-spouse,Sales,Husband,White,Male,15024,0,55,United-States,1
43,Private,104660,Bachelors,13,Separated,Prof-specialty,Unmarried,White,Male,0,0,45,United-States,0
36,Private,35309,Bachelors,13,Married-civ-spouse,Exec-managerial,Husband,White,Male,0,0,40,United-States,0
84,Self-emp-not-inc,155057,Bachelors,13,Married-civ-spouse,Farming-fishing,Husband,White,Male,0,0,20,United-States,0
48,Private,266764,Some-college,10,Married-civ-spouse,Craft-repair,Husband,White,Male,0,0,45,United-States,1
46,Private,54985,HS-grad,9,Married-civ-spouse,Machine-op-inspct,Husband,White,Male,0,1887,40,United-States,1
35,Private,45937,HS-grad,9,Never-married,Machine-op-inspct,Not-in-family,White,Female,0,0,40,United-States,0
52,Private,38795,HS-grad,9,Divorced,Craft-repair,Not-in-family,White,Male,0,0,40,United-States,1
52,Private,49243,HS-grad,9,Married-civ-spouse,Machine-op-inspct,Husband,White,Male,0,0,40,United-States,0
39,Private,206298,Some-college,10,Divorced,Adm-clerical,Not-in-family,White,Female,0,0,40,United-States,0
27,Self-emp-not-inc,153805,Some-college,10,Married-civ-spouse,Transport-moving,Other-relative,Other,Male,0,0,50,Ecuador,1
65,Private,170939,Bachelors,13,Divorced,Prof-specialty,Not-in-family,White,Male,6723,0,40,United-States,0
47,Private,33710,Bachelors,13,Married-civ-spouse,Exec-managerial,Husband,White,Male,3103,0,60,United-States,1
51,Federal-gov,217647,Some-college,10,Divorced,Prof-specialty,Not-in-family,Black,Female,0,0,40,United-States,0
23,Private,189830,Some-college,10,Married-civ-spouse,Other-service,Husband,Black,Male,0,0,50,United-States,0
55,Private,193568,HS-grad,9,Widowed,Adm-clerical,Not-in-family,White,Female,0,0,40,United-States,0
22,Private,188274,Assoc-acdm,12,Never-married,Handlers-cleaners,Own-child,White,Male,0,0,40,United-States,0
36,Private,207789,HS-grad,9,Divorced,Exec-managerial,Not-in-family,White,Male,0,0,52,United-States,0
25,Private,181528,Masters,14,Never-married,Exec-managerial,Not-in-family,White,Female,0,0,43,United-States,0
34,Private,191856,Some-college,10,Married-civ-spouse,Exec-managerial,Wife,White,Female,7298,0,40,United-States,1
64,State-gov,201293,HS-grad,9,Widowed,Adm-clerical,Not-in-family,White,Female,0,0,38,United-States,0
21,Private,175800,HS-grad,9,Never-married,Prof-specialty,Unmarried,White,Female,0,0,55,United-States,0
51,Private,68882,1st-4th,2,Widowed,Other-service,Unmarried,White,Female,0,0,35,Portugal,0
43,Local-gov,293535,Bachelors,13,Married-civ-spouse,Prof-specialty,Husband,Black,Male,0,0,40,United-States,1
24,Private,258730,HS-grad,9,Divorced,Other-service,Own-child,White,Female,0,0,40,Japan,0
40,Private,205175,HS-grad,9,Widowed,Machine-op-inspct,Unmarried,Black,Female,0,0,37,United-States,0
43,Federal-gov,233851,HS-grad,9,Married-civ-spouse,Adm-clerical,Wife,White,Female,0,0,40,United-States,1
30,Private,58597,HS-grad,9,Never-married,Machine-op-inspct,Own-child,White,Male,0,0,44,United-States,0
53,Self-emp-inc,136823,11th,7,Widowed,Exec-managerial,Not-in-family,White,Female,0,0,30,United-States,0
43,Private,220589,HS-grad,9,Divorced,Exec-managerial,Unmarried,White,Female,0,0,40,United-States,0
29,Private,107812,HS-grad,9,Divorced,Craft-repair,Not-in-family,White,Male,0,0,40,United-States,0
32,State-gov,159247,Masters,14,Married-civ-spouse,Prof-specialty,Husband,White,Male,0,0,50,United-States,0
39,Private,210991,HS-grad,9,Married-civ-spouse,Craft-repair,Husband,White,Male,0,0,40,United-States,0
36,Self-emp-not-inc,224886,Bachelors,13,Married-civ-spouse,Exec-managerial,Husband,White,Male,2407,0,40,United-States,0
33,Private,117983,10th,6,Divorced,Other-service,Unmarried,White,Female,0,0,45,United-States,0
52,Private,114062,HS-grad,9,Divorced,Craft-repair,Unmarried,White,Female,0,0,40,United-States,0
41,Private,174395,Masters,14,Married-civ-spouse,Prof-specialty,Husband,White,Male,0,0,40,United-States,1
19,Private,206874,Assoc-voc,11,Never-married,Adm-clerical,Own-child,Black,Female,0,0,40,United-States,0
25,State-gov,176077,Masters,14,Never-married,Prof-specialty,Not-in-family,White,Female,0,0,37,United-States,0
43,Private,130126,Bachelors,13,Married-civ-spouse,Exec-managerial,Husband,White,Male,15024,0,50,United-States,1
21,Private,188923,Some-college,10,Never-married,Sales,Own-child,White,Female,0,0,55,United-States,0
71,Private,118876,Bachelors,13,Never-married,Exec-managerial,Not-in-family,White,Female,0,0,14,United-States,0
38,Federal-gov,65706,Some-college,10,Divorced,Exec-managerial,Unmarried,White,Female,0,0,38,United-States,0
66,Private,117746,Bachelors,13,Married-civ-spouse,Sales,Husband,White,Male,0,0,50,United-States,1
29,Local-gov,45554,Some-college,10,Divorced,Adm-clerical,Unmarried,White,Female,0,0,40,United-States,0
47,Local-gov,149700,Masters,14,Married-civ-spouse,Prof-specialty,Husband,White,Male,15024,0,35,United-States,1
22,Private,290504,HS-grad,9,Never-married,Other-service,Other-relative,White,Male,0,0,40,United-States,0
17,Private,140027,11th,7,Never-married,Other-service,Own-child,White,Female,0,0,25,United-States,0
39,Private,181943,Bachelors,13,Never-married,Exec-managerial,Not-in-family,White,Female,0,0,35,United-States,0
56,Private,134756,HS-grad,9,Never-married,Other-service,Not-in-family,Black,Female,0,0,40,United-States,0
37,Private,104359,Some-college,10,Married-civ-spouse,Handlers-cleaners,Husband,White,Male,0,0,40,United-States,0
22,Private,210165,Some-college,10,Never-married,Craft-repair,Not-in-family,White,Male,0,0,50,United-States,0
39,Private,290321,10th,6,Married-civ-spouse,Machine-op-inspct,Husband,White,Male,0,0,40,United-States,0
41,Private,50122,Assoc-voc,11,Divorced,Sales,Own-child,White,Male,0,0,50,United-States,0
48,Local-gov,142719,Masters,14,Married-civ-spouse,Prof-specialty,Husband,White,Male,0,0,40,United-States,1
23,Private,60331,HS-grad,9,Never-married,Machine-op-inspct,Own-child,White,Male,0,0,40,United-States,0
31,Private,373432,9th,5,Married-civ-spouse,Craft-repair,Husband,White,Male,0,0,43,United-States,0
22,Private,186452,10th,6,Never-married,Craft-repair,Not-in-family,White,Male,0,0,30,United-States,0
39,Federal-gov,184964,Some-college,10,Divorced,Adm-clerical,Not-in-family,White,Male,0,0,40,United-States,1
72,Self-emp-not-inc,473748,HS-grad,9,Married-civ-spouse,Sales,Husband,White,Male,0,0,30,United-States,0
35,Private,192923,HS-grad,9,Married-civ-spouse,Craft-repair,Husband,White,Male,0,2377,40,United-States,0
24,Private,162312,HS-grad,9,Never-married,Sales,Own-child,Asian-Pac-Islander,Male,0,0,40,South,0
42,Private,160893,Some-college,10,Married-civ-spouse,Other-service,Wife,White,Female,0,0,23,United-States,0
44,Private,222635,5th-6th,3,Married-civ-spouse,Machine-op-inspct,Husband,Black,Male,0,0,40,United-States,0
19,Private,71650,HS-grad,9,Never-married,Farming-fishing,Own-child,White,Male,0,0,40,United-States,0
23,Private,342946,11th,7,Never-married,Transport-moving,Own-child,White,Female,0,0,38,United-States,0
28,Local-gov,407672,Bachelors,13,Never-married,Prof-specialty,Not-in-family,White,Female,0,0,40,United-States,0
17,Private,118792,11th,7,Never-married,Sales,Own-child,White,Female,0,0,9,United-States,0
74,Federal-gov,181508,HS-grad,9,Widowed,Other-service,Not-in-family,White,Male,0,0,17,United-States,0
27,Local-gov,209109,Masters,14,Never-married,Prof-specialty,Own-child,White,Male,0,0,35,United-States,0
36,State-gov,166606,HS-grad,9,Married-civ-spouse,Protective-serv,Husband,White,Male,0,0,40,United-States,0
58,Self-emp-not-inc,164065,Masters,14,Divorced,Sales,Not-in-family,White,Male,0,0,18,United-States,0
56,Private,133819,HS-grad,9,Separated,Craft-repair,Not-in-family,White,Female,0,0,40,United-States,0
35,Private,376455,Some-college,10,Married-civ-spouse,Exec-managerial,Husband,White,Male,15024,0,60,United-States,1
66,Self-emp-inc,179951,Bachelors,13,Married-civ-spouse,Exec-managerial,Husband,White,Male,0,0,70,United-States,0
54,Local-gov,204325,Some-college,10,Married-civ-spouse,Protective-serv,Husband,White,Male,0,0,52,United-States,0
69,Private,228921,Bachelors,13,Widowed,Prof-specialty,Not-in-family,White,Male,0,2282,40,United-States,1
58,State-gov,110517,Doctorate,16,Married-civ-spouse,Prof-specialty,Husband,Asian-Pac-Islander,Male,4064,0,40,India,0
39,Private,29814,HS-grad,9,Married-civ-spouse,Craft-repair,Husband,White,Male,0,0,40,United-States,0
33,Private,159322,HS-grad,9,Divorced,Other-service,Unmarried,White,Male,0,0,40,United-States,0
55,Private,193130,Bachelors,13,Married-civ-spouse,Prof-specialty,Husband,White,Male,0,0,40,United-States,1
27,Local-gov,138917,Bachelors,13,Never-married,Prof-specialty,Not-in-family,White,Male,0,0,35,United-States,0
49,Private,168211,HS-grad,9,Married-civ-spouse,Protective-serv,Husband,White,Male,0,0,40,United-States,1
40,Private,382499,HS-grad,9,Divorced,Adm-clerical,Unmarried,White,Female,0,0,50,United-States,0
34,Private,287315,Some-college,10,Married-civ-spouse,Exec-managerial,Husband,White,Male,0,0,55,United-States,1
59,Private,221336,10th,6,Widowed,Other-service,Other-relative,Asian-Pac-Islander,Female,0,0,40,Philippines,0
46,Federal-gov,162187,Bachelors,13,Married-civ-spouse,Prof-specialty,Husband,White,Male,0,0,40,United-States,1
71,Private,152307,HS-grad,9,Married-civ-spouse,Exec-managerial,Husband,White,Male,0,2377,45,United-States,1
29,Local-gov,214385,11th,7,Divorced,Other-service,Unmarried,Black,Female,0,0,20,United-States,0
38,Private,186359,Some-college,10,Married-civ-spouse,Exec-managerial,Husband,White,Male,0,0,40,United-States,1
30,Private,255279,HS-grad,9,Divorced,Adm-clerical,Unmarried,White,Female,0,0,20,United-States,0
54,Private,192862,HS-grad,9,Divorced,Exec-managerial,Unmarried,White,Female,0,0,45,United-States,0
35,Private,170263,HS-grad,9,Divorced,Exec-managerial,Unmarried,White,Female,0,0,40,United-States,0
41,Private,206878,HS-grad,9,Divorced,Other-service,Unmarried,White,Female,0,0,32,United-States,0
30,Private,202450,HS-grad,9,Married-civ-spouse,Transport-moving,Husband,White,Male,0,0,65,United-States,1
62,Private,121319,Bachelors,13,Married-civ-spouse,Prof-specialty,Husband,White,Male,3103,0,40,United-States,1
31,Private,348504,Bachelors,13,Married-civ-spouse,Exec-managerial,Husband,White,Male,0,0,50,United-States,0
58,Private,209438,Some-college,10,Divorced,Other-service,Unmarried,Black,Female,0,0,40,United-States,0
32,Private,372317,9th,5,Separated,Other-service,Unmarried,White,Female,0,0,23,Mexico,0
27,Private,178564,Some-college,10,Never-married,Adm-clerical,Own-child,White,Male,0,0,30,United-States,0
60,Self-emp-inc,123218,Some-college,10,Married-civ-spouse,Exec-managerial,Husband,White,Male,0,0,40,United-States,0
49,Self-emp-not-inc,171540,Some-college,10,Married-civ-spouse,Farming-fishing,Husband,White,Male,0,0,60,United-States,0
28,Private,584790,Assoc-voc,11,Married-civ-spouse,Other-service,Husband,White,Male,0,0,40,United-States,1
27,Private,29904,Bachelors,13,Never-married,Tech-support,Not-in-family,White,Female,0,0,40,United-States,0
52,Private,202115,HS-grad,9,Married-civ-spouse,Other-service,Wife,White,Female,0,0,25,United-States,0
40,Local-gov,261497,HS-grad,9,Married-civ-spouse,Craft-repair,Husband,Black,Male,0,0,35,United-States,0
24,Private,109869,Some-college,10,Never-married,Other-service,Own-child,White,Male,0,0,40,United-States,0
46,Private,163021,HS-grad,9,Never-married,Adm-clerical,Own-child,White,Female,0,0,40,United-States,0
26,Private,149734,HS-grad,9,Separated,Craft-repair,Unmarried,Black,Female,0,1594,40,United-States,0
49,Local-gov,288548,Masters,14,Separated,Prof-specialty,Unmarried,White,Female,0,0,50,United-States,0
51,Private,106151,11th,7,Divorced,Transport-moving,Own-child,White,Male,0,0,40,United-States,0
27,Private,113635,Bachelors,13,Never-married,Other-service,Not-in-family,White,Male,0,0,35,United-States,0
61,State-gov,199495,12th,8,Married-civ-spouse,Craft-repair,Husband,White,Male,0,0,40,United-States,0
53,Private,223660,HS-grad,9,Widowed,Machine-op-inspct,Not-in-family,White,Male,6849,0,40,United-States,0
40,Private,192259,Masters,14,Never-married,Prof-specialty,Not-in-family,White,Male,0,0,35,United-States,0
29,Self-emp-not-inc,389857,HS-grad,9,Never-married,Craft-repair,Not-in-family,White,Male,0,0,50,United-States,1
21,Private,184756,Some-college,10,Never-married,Adm-clerical,Own-child,White,Female,0,0,16,United-States,0
27,Private,207611,HS-grad,9,Never-married,Other-service,Not-in-family,White,Female,0,0,52,United-States,0
77,Self-emp-not-inc,72931,7th-8th,4,Married-spouse-absent,Adm-clerical,Not-in-family,White,Male,0,0,20,Italy,1
20,Private,304710,Some-college,10,Never-married,Sales,Own-child,Asian-Pac-Islander,Female,0,0,20,United-States,0
60,Local-gov,149281,HS-grad,9,Married-civ-spouse,Protective-serv,Husband,White,Male,0,0,40,United-States,0
27,Private,188576,Bachelors,13,Separated,Prof-specialty,Not-in-family,Asian-Pac-Islander,Male,0,0,40,Philippines,1
47,Local-gov,162595,Some-college,10,Married-spouse-absent,Craft-repair,Other-relative,White,Male,0,0,45,United-States,0
74,Private,54732,Some-college,10,Married-civ-spouse,Sales,Husband,White,Male,0,0,20,United-States,1
29,Private,200928,HS-grad,9,Married-civ-spouse,Exec-managerial,Husband,White,Male,0,0,40,United-States,1
46,Private,155659,Bachelors,13,Married-civ-spouse,Machine-op-inspct,Husband,White,Male,0,0,40,Germany,1
48,Private,413363,11th,7,Married-civ-spouse,Transport-moving,Husband,White,Male,0,2002,40,United-States,0
45,Private,118889,Assoc-voc,11,Married-civ-spouse,Craft-repair,Husband,White,Male,0,0,40,United-States,0
39,Private,216129,Assoc-acdm,12,Divorced,Exec-managerial,Unmarried,Black,Female,0,0,35,Jamaica,0
36,Private,103323,Assoc-acdm,12,Married-civ-spouse,Machine-op-inspct,Husband,White,Male,2829,0,40,United-States,0
55,Private,156797,Some-college,10,Divorced,Machine-op-inspct,Not-in-family,White,Female,0,0,40,United-States,0
55,State-gov,120781,Doctorate,16,Married-civ-spouse,Prof-specialty,Husband,Asian-Pac-Islander,Male,0,0,40,India,1
29,Private,49087,Assoc-voc,11,Married-civ-spouse,Handlers-cleaners,Husband,White,Male,0,0,40,United-States,0
47,Private,27815,9th,5,Divorced,Other-service,Not-in-family,White,Female,0,1719,30,United-States,0
38,Private,187069,HS-grad,9,Married-civ-spouse,Transport-moving,Husband,White,Male,0,0,45,United-States,0
65,Private,85787,7th-8th,4,Married-civ-spouse,Craft-repair,Husband,White,Male,0,0,40,United-States,0
26,Private,97698,Masters,14,Never-married,Exec-managerial,Not-in-family,White,Male,0,0,32,United-States,0
60,Private,26721,Some-college,10,Married-civ-spouse,Craft-repair,Husband,White,Male,0,0,40,United-States,0
31,Private,329874,Some-college,10,Never-married,Adm-clerical,Not-in-family,White,Male,0,0,40,United-States,0
27,Private,604045,Bachelors,13,Never-married,Sales,Not-in-family,White,Male,0,0,40,United-States,0
39,Private,288551,Some-college,10,Married-civ-spouse,Craft-repair,Husband,Black,Male,0,0,52,United-States,1
20,Private,157332,Some-college,10,Never-married,Adm-clerical,Own-child,White,Female,0,0,25,United-States,0
21,Private,152246,Some-college,10,Never-married,Handlers-cleaners,Own-child,Asian-Pac-Islander,Male,0,0,40,Philippines,0
23,Private,160951,HS-grad,9,Never-married,Craft-repair,Own-child,Black,Male,2597,0,40,United-States,0
50,Private,28952,Some-college,10,Married-civ-spouse,Sales,Wife,White,Female,0,0,39,United-States,0
32,Private,177675,HS-grad,9,Never-married,Craft-repair,Own-child,White,Male,0,0,40,United-States,0
